INSERT INTO GRADO (ID,NOMBRE,DESTACADA) VALUES (1,'Principiante',false);
INSERT INTO GRADO (ID,NOMBRE,DESTACADA) VALUES (2,'Intermedio',true);
INSERT INTO GRADO (ID,NOMBRE,DESTACADA) VALUES (3,'Avanzado',true);
INSERT INTO GRADO (ID,NOMBRE,DESTACADA) VALUES (4,'Elite',true);

INSERT INTO PRESA (ID, NOMBRE, PRECIO, IMAGEN, GRADO_ID) VALUES (1, 'Hueco 12', 111.80, 'https://www.klauerclimbingservice.com/13-large_default/0808.jpg', 1);
INSERT INTO PRESA (ID, NOMBRE, PRECIO, IMAGEN, GRADO_ID) VALUES (2, 'Hueco 13', 171.70, 'https://www.klauerclimbingservice.com/16-large_default/0809.jpg', 1);
INSERT INTO PRESA (ID, NOMBRE, PRECIO, IMAGEN, GRADO_ID) VALUES (3, 'Clasic 24', 101.80,'https://www.klauerclimbingservice.com/57-large_default/1610.jpg', 1);
INSERT INTO PRESA (ID, NOMBRE, PRECIO, IMAGEN, GRADO_ID) VALUES (4, 'Clasic 25', 165.04,'https://www.klauerclimbingservice.com/81-home_default/1619.jpg', 1);
INSERT INTO PRESA (ID, NOMBRE, PRECIO, IMAGEN, GRADO_ID) VALUES (5, 'Clasic 10', 108.30,'https://www.klauerclimbingservice.com/241-home_default/1924.jpg', 1);
INSERT INTO PRESA (ID, NOMBRE, PRECIO, IMAGEN, GRADO_ID) VALUES (6, 'Hueco O1', 131.30,'https://www.klauerclimbingservice.com/444-home_default/2110.jpg', 1);
INSERT INTO PRESA (ID, NOMBRE, PRECIO, IMAGEN, GRADO_ID) VALUES (7, 'Hueco O2', 178.11,'https://www.klauerclimbingservice.com/448-home_default/2111.jpg', 2);
INSERT INTO PRESA (ID, NOMBRE, PRECIO, IMAGEN, GRADO_ID) VALUES (8, 'Hueco O3', 145.30, 'https://www.klauerclimbingservice.com/451-home_default/2112.jpg', 2);
INSERT INTO PRESA (ID, NOMBRE, PRECIO, IMAGEN, GRADO_ID) VALUES (9, 'Hueco O4', 151.11,'https://www.klauerclimbingservice.com/454-home_default/2113.jpg', 2);
INSERT INTO PRESA (ID, NOMBRE, PRECIO, IMAGEN, GRADO_ID) VALUES (10, 'Hueco O5', 166.30, 'https://www.klauerclimbingservice.com/457-home_default/2114.jpg', 2);
INSERT INTO PRESA (ID, NOMBRE, PRECIO, IMAGEN, GRADO_ID) VALUES (11, 'Hueco O6', 171.11, 'https://www.klauerclimbingservice.com/460-home_default/2115.jpg', 2);
INSERT INTO PRESA (ID, NOMBRE, PRECIO, IMAGEN, GRADO_ID) VALUES (12, 'Classic 19', 178.20, 'https://www.klauerclimbingservice.com/65-home_default/1613.jpg', 3);
INSERT INTO PRESA (ID, NOMBRE, PRECIO, IMAGEN, GRADO_ID) VALUES (13, 'Classic 29', 179.11, 'https://www.klauerclimbingservice.com/134-home_default/1809.jpg', 3);
INSERT INTO PRESA (ID, NOMBRE, PRECIO, IMAGEN, GRADO_ID) VALUES (14, 'Classic O8', 111.20, 'https://www.klauerclimbingservice.com/164-home_default/1819.jpg', 3);
INSERT INTO PRESA (ID, NOMBRE, PRECIO, IMAGEN, GRADO_ID) VALUES (15, 'Classic O9', 115.11, 'https://www.klauerclimbingservice.com/167-home_default/1820.jpg', 3);
INSERT INTO PRESA (ID, NOMBRE, PRECIO, IMAGEN, GRADO_ID) VALUES (16, 'Organic O1', 111.20, 'https://www.klauerclimbingservice.com/179-home_default/1904.jpg', 3);
INSERT INTO PRESA (ID, NOMBRE, PRECIO, IMAGEN, GRADO_ID) VALUES (17, 'Organic O2', 115.11, 'https://www.klauerclimbingservice.com/182-home_default/1905.jpg', 3);
INSERT INTO PRESA (ID, NOMBRE, PRECIO, IMAGEN, GRADO_ID) VALUES (18, 'Organic O3', 111.20, 'https://www.klauerclimbingservice.com/249-home_default/1927.jpg', 3);
INSERT INTO PRESA (ID, NOMBRE, PRECIO, IMAGEN, GRADO_ID) VALUES (19, 'Organic O4', 115.11, 'https://www.klauerclimbingservice.com/252-home_default/1928.jpg', 3);
INSERT INTO PRESA (ID, NOMBRE, PRECIO, IMAGEN, GRADO_ID) VALUES (20, 'Classic 18', 111.20, 'https://www.klauerclimbingservice.com/197-home_default/1910.jpg', 4);
INSERT INTO PRESA (ID, NOMBRE, PRECIO, IMAGEN, GRADO_ID) VALUES (21, 'Classic 19', 115.11, 'https://www.klauerclimbingservice.com/194-home_default/1909.jpg', 4);
INSERT INTO PRESA (ID, NOMBRE, PRECIO, IMAGEN, GRADO_ID) VALUES (22, 'Organic 11', 111.20, 'https://www.klauerclimbingservice.com/207-home_default/1913.jpg', 4);
INSERT INTO PRESA (ID, NOMBRE, PRECIO, IMAGEN, GRADO_ID) VALUES (23, 'Organic 12', 115.11, 'https://www.klauerclimbingservice.com/216-home_default/1916.jpg', 4);
INSERT INTO PRESA (ID, NOMBRE, PRECIO, IMAGEN, GRADO_ID) VALUES (24, 'Organic 13', 111.20, 'https://www.klauerclimbingservice.com/219-home_default/1917.jpg', 4);
INSERT INTO PRESA (ID, NOMBRE, PRECIO, IMAGEN, GRADO_ID) VALUES (25, 'Organic 14', 115.11, 'https://www.klauerclimbingservice.com/225-home_default/1919.jpg', 4);
INSERT INTO PRESA (ID, NOMBRE, PRECIO, IMAGEN, GRADO_ID) VALUES (26, 'Classic 23', 131.20, 'https://www.klauerclimbingservice.com/10-home_default/0807.jpg', 2);
INSERT INTO PRESA (ID, NOMBRE, PRECIO, IMAGEN, GRADO_ID) VALUES (27, 'Classic 17', 115.11, 'https://www.klauerclimbingservice.com/41-home_default/1414.jpg', 3);
INSERT INTO PRESA (ID, NOMBRE, PRECIO, IMAGEN, GRADO_ID) VALUES (28, 'Classic 18', 111.80, 'https://www.klauerclimbingservice.com/77-home_default/1617.jpg', 3);
INSERT INTO PRESA (ID, NOMBRE, PRECIO, IMAGEN, GRADO_ID) VALUES (29, 'Classic 26', 115.11, 'https://www.klauerclimbingservice.com/122-home_default/1804.jpg', 4);
INSERT INTO PRESA (ID, NOMBRE, PRECIO, IMAGEN, GRADO_ID) VALUES (30, 'Organic e1', 91.20, 'https://www.klauerclimbingservice.com/158-home_default/1817.jpg', 4);


INSERT INTO CALIDAD (COMPOSICION, PRESA_ID) VALUES ('Arenosa', 1);
INSERT INTO CALIDAD (COMPOSICION, PRESA_ID) VALUES ('Arenosa', 2);
INSERT INTO CALIDAD (COMPOSICION, PRESA_ID) VALUES ('Polietileno', 3);
INSERT INTO CALIDAD (COMPOSICION, PRESA_ID) VALUES ('Poliéster', 4);
INSERT INTO CALIDAD (COMPOSICION, PRESA_ID) VALUES ('Poliéster', 5);
INSERT INTO CALIDAD (COMPOSICION, PRESA_ID) VALUES ('Arenosa', 6);
INSERT INTO CALIDAD (COMPOSICION, PRESA_ID) VALUES ('Arenosa', 7);
INSERT INTO CALIDAD (COMPOSICION, PRESA_ID) VALUES ('Polietileno', 8);
INSERT INTO CALIDAD (COMPOSICION, PRESA_ID) VALUES ('Poliéster', 9);
INSERT INTO CALIDAD (COMPOSICION, PRESA_ID) VALUES ('Poliéster', 10);
INSERT INTO CALIDAD (COMPOSICION, PRESA_ID) VALUES ('Arenosa', 11);
INSERT INTO CALIDAD (COMPOSICION, PRESA_ID) VALUES ('Arenosa', 12);
INSERT INTO CALIDAD (COMPOSICION, PRESA_ID) VALUES ('Polietileno', 13);
INSERT INTO CALIDAD (COMPOSICION, PRESA_ID) VALUES ('Poliéster', 14);
INSERT INTO CALIDAD (COMPOSICION, PRESA_ID) VALUES ('Poliéster', 15);
INSERT INTO CALIDAD (COMPOSICION, PRESA_ID) VALUES ('Arenosa', 16);
INSERT INTO CALIDAD (COMPOSICION, PRESA_ID) VALUES ('Arenosa', 17);
INSERT INTO CALIDAD (COMPOSICION, PRESA_ID) VALUES ('Polietileno', 18);
INSERT INTO CALIDAD (COMPOSICION, PRESA_ID) VALUES ('Poliéster', 19);
INSERT INTO CALIDAD (COMPOSICION, PRESA_ID) VALUES ('Poliéster', 20);
INSERT INTO CALIDAD (COMPOSICION, PRESA_ID) VALUES ('Arenosa', 21);
INSERT INTO CALIDAD (COMPOSICION, PRESA_ID) VALUES ('Arenosa', 22);
INSERT INTO CALIDAD (COMPOSICION, PRESA_ID) VALUES ('Polietileno', 23);
INSERT INTO CALIDAD (COMPOSICION, PRESA_ID) VALUES ('Poliéster', 24);
INSERT INTO CALIDAD (COMPOSICION, PRESA_ID) VALUES ('Poliéster', 25);
INSERT INTO CALIDAD (COMPOSICION, PRESA_ID) VALUES ('Arenosa', 26);
INSERT INTO CALIDAD (COMPOSICION, PRESA_ID) VALUES ('Arenosa', 27);
INSERT INTO CALIDAD (COMPOSICION, PRESA_ID) VALUES ('Polietileno', 28);
INSERT INTO CALIDAD (COMPOSICION, PRESA_ID) VALUES ('Poliéster', 29);
INSERT INTO CALIDAD (COMPOSICION, PRESA_ID) VALUES ('Poliéster', 30);

