INSERT INTO grado (id,nombre,destacada) VALUES (1,'Principiante',false);
INSERT INTO grado (id,nombre,destacada) VALUES (2,'Intermedio',true);
INSERT INTO grado (id,nombre,destacada) VALUES (3,'Avanzado',true);
INSERT INTO grado (id,nombre,destacada) VALUES (4,'Elite',true);


INSERT INTO calidad (composicion) VALUES ('Arenosa');
INSERT INTO calidad (composicion) VALUES ('Arena-Polietileno');
INSERT INTO calidad (composicion) VALUES ('Arena-Poliéster');
INSERT INTO calidad (composicion) VALUES ('Polietileno');
INSERT INTO calidad (composicion) VALUES ('Polietileno-Poliéster');


INSERT INTO presa (id, nombre,precio,imagen,grado_id,calidad_id) VALUES (1, 'Hueco 12', 111.80, 'https://www.klauerclimbingservice.com/13-large_default/0808.jpg', 1,1);
INSERT INTO presa (id, nombre,precio,imagen,grado_id,calidad_id) VALUES (2, 'Hueco 13', 171.70, 'https://www.klauerclimbingservice.com/16-large_default/0809.jpg', 1,1);
INSERT INTO presa (id, nombre,precio,imagen,grado_id,calidad_id) VALUES (3, 'Clasic 24', 101.80,'https://www.klauerclimbingservice.com/57-large_default/1610.jpg', 1,1);
INSERT INTO presa (id, nombre,precio,imagen,grado_id,calidad_id) VALUES (4, 'Clasic 25', 165.04,'https://www.klauerclimbingservice.com/81-home_default/1619.jpg', 1,1);
INSERT INTO presa (id, nombre,precio,imagen,grado_id,calidad_id) VALUES (5, 'Clasic 10', 108.30,'https://www.klauerclimbingservice.com/241-home_default/1924.jpg', 1,2);
INSERT INTO presa (id, nombre,precio,imagen,grado_id,calidad_id) VALUES (6, 'Hueco O1', 131.30,'https://www.klauerclimbingservice.com/444-home_default/2110.jpg', 1,2);
INSERT INTO presa (id, nombre,precio,imagen,grado_id,calidad_id) VALUES (7, 'Hueco O2', 178.11,'https://www.klauerclimbingservice.com/448-home_default/2111.jpg', 2,2);
INSERT INTO presa (id, nombre,precio,imagen,grado_id,calidad_id) VALUES (8, 'Hueco O3', 145.30, 'https://www.klauerclimbingservice.com/451-home_default/2112.jpg', 2,3);
INSERT INTO presa (id, nombre,precio,imagen,grado_id,calidad_id) VALUES (9, 'Hueco O4', 151.11,'https://www.klauerclimbingservice.com/454-home_default/2113.jpg', 2,4);
INSERT INTO presa (id, nombre,precio,imagen,grado_id,calidad_id) VALUES (10, 'Hueco O5', 166.30, 'https://www.klauerclimbingservice.com/457-home_default/2114.jpg', 2,5);
INSERT INTO presa (id, nombre,precio,imagen,grado_id,calidad_id) VALUES (11, 'Hueco O6', 171.11, 'https://www.klauerclimbingservice.com/460-home_default/2115.jpg', 2,5);
INSERT INTO presa (id, nombre,precio,imagen,grado_id,calidad_id) VALUES (12, 'Classic 19', 178.20, 'https://www.klauerclimbingservice.com/65-home_default/1613.jpg', 3,4);
INSERT INTO presa (id, nombre,precio,imagen,grado_id,calidad_id) VALUES (13, 'Classic 29', 179.11, 'https://www.klauerclimbingservice.com/134-home_default/1809.jpg', 3,4);
INSERT INTO presa (id, nombre,precio,imagen,grado_id,calidad_id) VALUES (14, 'Classic O8', 111.20, 'https://www.klauerclimbingservice.com/164-home_default/1819.jpg', 3,5);
INSERT INTO presa (id, nombre,precio,imagen,grado_id,calidad_id) VALUES (15, 'Classic O9', 115.11, 'https://www.klauerclimbingservice.com/167-home_default/1820.jpg', 3,4);
INSERT INTO presa (id, nombre,precio,imagen,grado_id,calidad_id) VALUES (16, 'Organic O1', 111.20, 'https://www.klauerclimbingservice.com/179-home_default/1904.jpg', 3,4);
INSERT INTO presa (id, nombre,precio,imagen,grado_id,calidad_id) VALUES (17, 'Organic O2', 115.11, 'https://www.klauerclimbingservice.com/182-home_default/1905.jpg', 3,4);
INSERT INTO presa (id, nombre,precio,imagen,grado_id,calidad_id) VALUES (18, 'Organic O3', 111.20, 'https://www.klauerclimbingservice.com/249-home_default/1927.jpg', 3,4);
INSERT INTO presa (id, nombre,precio,imagen,grado_id,calidad_id) VALUES (19, 'Organic O4', 115.11, 'https://www.klauerclimbingservice.com/252-home_default/1928.jpg', 3,2);
INSERT INTO presa (id, nombre,precio,imagen,grado_id,calidad_id) VALUES (20, 'Classic 18', 111.20, 'https://www.klauerclimbingservice.com/197-home_default/1910.jpg', 4,2);
INSERT INTO presa (id, nombre,precio,imagen,grado_id,calidad_id) VALUES (21, 'Classic 19', 115.11, 'https://www.klauerclimbingservice.com/194-home_default/1909.jpg', 4,2);
INSERT INTO presa (id, nombre,precio,imagen,grado_id,calidad_id) VALUES (22, 'Organic 11', 111.20, 'https://www.klauerclimbingservice.com/207-home_default/1913.jpg', 4,2);
INSERT INTO presa (id, nombre,precio,imagen,grado_id,calidad_id) VALUES (23, 'Organic 12', 115.11, 'https://www.klauerclimbingservice.com/216-home_default/1916.jpg', 4,2);
INSERT INTO presa (id, nombre,precio,imagen,grado_id,calidad_id) VALUES (24, 'Organic 13', 111.20, 'https://www.klauerclimbingservice.com/219-home_default/1917.jpg', 4,3);
INSERT INTO presa (id, nombre,precio,imagen,grado_id,calidad_id) VALUES (25, 'Organic 14', 115.11, 'https://www.klauerclimbingservice.com/225-home_default/1919.jpg', 4,3);
INSERT INTO presa (id, nombre,precio,imagen,grado_id,calidad_id) VALUES (26, 'Classic 23', 131.20, 'https://www.klauerclimbingservice.com/10-home_default/0807.jpg', 2,3);
INSERT INTO presa (id, nombre,precio,imagen,grado_id,calidad_id) VALUES (27, 'Classic 17', 115.11, 'https://www.klauerclimbingservice.com/41-home_default/1414.jpg', 3,3);
INSERT INTO presa (id, nombre,precio,imagen,grado_id,calidad_id) VALUES (28, 'Classic 18', 111.80, 'https://www.klauerclimbingservice.com/77-home_default/1617.jpg', 3,3);
INSERT INTO presa (id, nombre,precio,imagen,grado_id,calidad_id) VALUES (29, 'Classic 26', 115.11, 'https://www.klauerclimbingservice.com/122-home_default/1804.jpg', 4,3);
INSERT INTO presa (id, nombre,precio,imagen,grado_id,calidad_id) VALUES (30, 'Organic e1', 91.20, 'https://www.klauerclimbingservice.com/158-home_default/1817.jpg', 4,3);






